Threshold, deviation_opt, deviation_variation, deviation_loss
1260,5.573844203974478,0.07443058399687774,54.55271903153896
